rank,docno,author_name,qanswer
0,60888.0,Sean MacAvaney,"Sean MacAvaney's research expertise lies in developing innovative retrieval techniques, with a focus on efficient and effective information retrieval methods. Specifically, he has made significant contributions to:

1. **Relevance estimation**: He has showcased techniques such as online relevance estimation, lexically-accelerated dense retrieval, and utilizing query affinity modeling.
2. **Listwise ranking**: His work on guiding retrieval using LLM-based listwise rankers demonstrates the applicability of neural networks in information retrieval.
3. **Sparse retrieval**: By experimenting with learned sparse retrieval, adapting it for long documents, and optimizing query performance, MacAvaney has consistently pushed the boundaries of information retrieval.
4. **Query expansion**: His work on effective contrastive weighting for dense query expansion showcases the importance of carefully crafting query representations.
5. **Re-ranking and pruning**: He has also developed methods for adaptive re-ranking and pruning, utilizing neural passage quality estimation and corpus graphs.

MacAvaney's expertise makes him a strong match for the"
1,3545.0,Craig Macdonald,"Professor Craig Macdonald's research expertise lies in the areas of declarative experimentation, knowledge graph enhanced passage ranking, dense retrieval, query expansion, and information retrieval pipelines. He has made notable contributions to the development of techniques such as zero-shot retrieval using dense external expansion, query embedding pruning, and pseudo-relevance feedback. His work has also focused on the exploration of various methods for enhancing late interaction with informative entities, as well as investigating the use of semantic pseudo-relevance feedback for dense passage and document retrieval."
2,6162.0,Iadh Ounis,"Professor Iadh Ounis's research expertise lies in designing and developing innovative information retrieval models and systems, focusing on improving accuracy, scalability, and usability. Their notable contributions include developing dense passage and document retrieval methods, such as ColBERT-PRF, ColBERT, and TCT-ColBERT, which utilize contextualized language models to enhance search effectiveness. They have also explored the use of pseudo-relevance feedback, query expansion, and adaptive reranking techniques to improve information retrieval systems. Their research on regional spelling conventions, linguistic similarity transfer, and exposure allocation in rankings has significant implications for enhancing the performance of information retrieval systems in diverse contexts."
3,61424.0,Debasis Ganguly,"Debasis Ganguly's research focuses on developing novel algorithms and techniques to improve query performance prediction and retrieval. He has made significant contributions to the field of information retrieval, particularly in the areas of query reformulation, contextualized query performance prediction, and unsupervised query performance prediction. His work combines insights from linguistics, psychology, and signal processing to create more effective and interpretable retrieval models. By leveraging the power of deep learning and pairwise interactions, Ganguly's research has led to innovative approaches for query performance prediction, with applications in various domains, including retrieval-augmented generation and conversational contextualization."
4,29045.0,Graham McDonald,"Graham McDonald's research focuses on developing innovative methods for exposure allocation in rankings, with a particular emphasis on adaptive reranking and fairness-aware techniques. His work explores the integration of generated queries to improve the effectiveness of exposure prediction, allowing for more tailored results to specific groups of documents. Through query exposure prediction, he aims to optimize ranking systems to provide users with more relevant and diverse search results. Notably, his research has led to the development of adaptive reranking techniques and fairness-aware exposure allocation methods. Graham McDonald's expertise in this area makes him a strong match for the student's topic, as he can provide valuable insights on optimizing retrieval systems for improved user experience."
